scaler,k,silhouette,davies_bouldin,calinski_harabasz,inertia
RobustScaler,2,0.30499143595239353,1.3076502462443829,422.2575574181094,3171.6006863600987
StandardScaler,2,0.3049243613510564,1.323354686317355,476.7035563658874,6767.461810829098
RobustScaler,4,0.27690263009647015,1.1636979237226541,399.5820948760704,2048.2835950769504
RobustScaler,5,0.2583585971586674,1.245989846279517,371.85667880261366,1809.0964239810999
RobustScaler,6,0.25770338871129195,1.2295680949767636,355.4400278575801,1618.9504730457913
RobustScaler,3,0.25461017355795157,1.4126048168375067,367.03844136049395,2599.524245257351
StandardScaler,3,0.24925235484030836,1.55170301434179,375.5457445829578,5703.362816986823
RobustScaler,7,0.22921690439535775,1.3128801442176106,330.3504870383789,1506.4763729811345
StandardScaler,4,0.22875261682340092,1.5394429493630049,305.3700050292948,5208.905304301865
StandardScaler,6,0.21581745371985928,1.3596247040539484,262.66514674375327,4308.017656431841
StandardScaler,7,0.2124574615462056,1.4507507836105815,247.55423434132643,4006.7377656571725
StandardScaler,8,0.20420925782193808,1.4844355168613417,238.45395214807158,3727.6729510894716
RobustScaler,9,0.20387753876117323,1.4354283299243809,289.4279225938498,1352.7896190826075
StandardScaler,5,0.19901227988239276,1.5445113607018621,271.4887604398457,4781.458417086985
RobustScaler,8,0.1976205007036046,1.4350357845942106,307.8227479109589,1422.8634629281885
StandardScaler,10,0.1966542289017061,1.4284444780251335,219.7907736299416,3335.4480717956976
StandardScaler,9,0.1951168760226296,1.5073451110923812,226.5978622841644,3534.51046659247
RobustScaler,10,0.18839183106616517,1.4524752810077919,275.37232934391204,1288.33032041776
